State,     Apparel manufacturing,     Beverage and tobacco product manufacturing,     Chemical manufacturing,     Computer and electronic product manufacturing,"     Electrical equipment, appliance, and component manufacturing",     Fabricated metal product manufacturing,     Food manufacturing,     Furniture and related product manufacturing,     Leather and allied product manufacturing,     Machinery manufacturing,     Miscellaneous manufacturing,"     Motor vehicles, bodies and trailers, and parts manufacturing",     Nonmetallic mineral product manufacturing,     Other transportation equipment manufacturing,     Paper manufacturing,     Petroleum and coal products manufacturing,     Plastics and rubber products manufacturing,     Primary metal manufacturing,     Printing and related support activities,     Textile mills,     Textile product mills,     Wood product manufacturing,    Accommodation,    Administrative and support services,    Air transportation,    Ambulatory health care services,"    Amusement, gambling, and recreation industries","    Apparel, leather, and allied product manufacturing",    Broadcasting (except Internet),    Building material and garden equipment and supplies dealers,    Chemical manufacturing,    Clothing and clothing accessories stores,    Computer and electronic product manufacturing,    Computer systems design and related services,    Construction of buildings,    Couriers and messengers,    Credit intermediation and related activities,"    Data processing, hosting, and related services",    Durable goods manufacturing,"    Electrical equipment, appliance, and component manufacturing",    Electronics and appliance stores,    Fabricated metal product manufacturing,"    Fishing, hunting and trapping",    Food and beverage and tobacco products manufacturing,    Food and beverage stores,    Food services and drinking places,    Forestry and logging,"    Funds, trusts, and other financial vehicles",    Furniture and home furnishings stores,    Furniture and related product manufacturing,    Gasoline stations,    General merchandise stores,    Health and personal care stores,    Heavy and civil engineering construction,    Hospitals,    Insurance carriers and related activities,    Internet publishing and broadcasting 3/,    Legal services,    Lessors of nonfinancial intangible assets (except copyrighted works),    Local government,    Machinery manufacturing,    Mining (except oil and gas),    Miscellaneous manufacturing,"    Miscellaneous professional, scientific, and technical services",    Miscellaneous store retailers,"    Monetary Authorities- central bank, credit intermediation, and related services",    Monetary Authorities-central bank,    Motion picture and sound recording industries,    Motor vehicle and parts dealers,"    Motor vehicles, bodies and trailers, and parts manufacturing","    Museums, historical sites, and similar institutions",    Nondurable goods manufacturing,    Nonmetallic mineral product manufacturing,    Nonstore retailers,    Nursing and residential care facilities,    Oil and gas extraction,    Other information services 3/,    Other transportation equipment manufacturing,    Paper manufacturing,"    Performing arts, spectator sports, and related industries","    Performing arts, spectator sports, museums, and related activities",    Personal and laundry services,    Petroleum and coal products manufacturing,    Pipeline transportation,    Plastics and rubber products manufacturing,    Primary metal manufacturing,    Printing and related support activities,    Private households,    Publishing industries (except Internet),    Rail transportation,    Real estate,"    Religious, grantmaking, civic, professional, and similar organizations",    Rental and leasing services,    Rental and leasing services and lessors of nonfinancial intangible assets,    Repair and maintenance,    Scenic and sightseeing transportation,"    Securities, commodity contracts, and other financial investments and related activities",    Social assistance,    Specialty trade contractors,"    Sporting goods, hobby, musical instrument, and book stores",    State government,    Support activities for agriculture and forestry,    Support activities for mining,    Support activities for transportation,    Telecommunications,    Textile mills and textile product mills,    Transit and ground passenger transportation,    Truck transportation,    Warehousing and storage,    Waste management and remediation services,    Water transportation,    Wood product manufacturing,   Accommodation and food services,   Administrative and support and waste management and remediation services,   Air transportation,"   Arts, entertainment, and recreation",   Broadcasting (except Internet) and telecommunications,   Construction,"   Data processing, hosting, and other information services",   Durable goods manufacturing,   Educational services,   Farms,   Federal civilian,   Finance and insurance,"   Forestry, fishing, and related activities",   Health care and social assistance,   Information,   Management of companies and enterprises,   Manufacturing,   Military,   Mining (except oil and gas),"   Mining, quarrying, and oil and gas extraction",   Motion picture and sound recording industries,   Nondurable goods manufacturing,   Oil and gas extraction,   Other services (except government and government enterprises),   Other transportation and support activities,   Pipeline transportation,"   Professional, scientific, and technical services",   Publishing industries (except Internet),   Rail transportation,   Real estate and rental and leasing,   Retail trade,   State and local,   Support activities for mining,   Transit and ground passenger transportation,   Transportation and warehousing,   Truck transportation,   Utilities,   Warehousing and storage,   Water transportation,   Wholesale trade,"  Agriculture, forestry, fishing, and hunting","  Arts, entertainment, recreation, accommodation, and food services",  Construction,"  Educational services, health care, and social assistance",  Farm proprietors employment,  Federal civilian,"  Finance, insurance, real estate, rental, and leasing",  Government and government enterprises,  Information,  Manufacturing,  Military,"  Mining, quarrying, and oil and gas extraction",  Nonfarm proprietors employment 2/,  Other services (except government and government enterprises),  Private nonfarm employment,  Professional and business services,  Retail trade,  State and local,  Transportation and warehousing,  Utilities,  Wholesale trade, Farm employment, Government and government enterprises, Nonfarm employment, Private industries, Proprietors employment, Wage and salary employment,All industry total,Natural resources and mining,Private goods-producing industries 2/,Private services-providing industries 3/,Total employment (number of jobs),Trade,Transportation and utilities,Population,GDP_Growth
Alabama,3643,2285,10933,9372,5269,26785,32854,9956,160,11255,8520,43096,7281,20912,11227,2351,17170,17206,4401,5714,4080,16730,20389.8,175778.9,955,122918.2,19909,104.7,4154,20940,3410.5,20394,1095.6,2711.3,32084,8789,43464,1985,176382,680.6,7130,2548.6,1606,2388,34720,178072.9,7892,65.7,7777,897.2,19772,61649,20718,19236,53525,42962.2,0,2337.3,204,213419,982.9,5298,559.9,7175.9,24531,6184.4,0,2382,36104,6183.9,1452,94818,919.4,17708,48090.4,5062,663,3240.8,2649.5,16935,312.5,61896,1160.8,658,1811,3304.9,208.4,13205,6144,3356,114422.6,59271,9099,2037.9,36374,213,27840.6,37011.9,90386,12806,105472,6596,1097,8730,11760,503.5,5689,36708,12914,5648.3,949,1431.8,198462.7,181427.2,175,38608.6,3113.5,141706,451.3,21845.7,43128.8,1378.3,53388,123196.9,16703.6,261545.4,27088,21775.2,271200,29128,1477,11457,97.2,12236.4,249.9,170746,1025.1,247.7,157679.5,1058.4,670.7,125763.4,284249,318891,62.9,100.6,78961,2254.4,14962,699.9,137.4,81742,1987.9,6486.3,7189.1,16610.2,39001,8347.8,33680.3,401407,4720.4,34082.1,4038.5,1789.8,532334,5198.5,2173372,19644,14066.5,22149.2,5310.8,6234.5,11818.9,46214,34535.6,2574779,168819.1,571335,2049658,203354.7,3777.7,45048.9,123770.2,2620993,25885.4,11545.3,"4,874,747",0.0
Alaska,224,482,141,0,39,632,10542,0,90,137,826,0,461,0,0,383,0,31,432,0,144,750,12061.6,16152.2,6478,24477.6,5840.8,1.1,907,3788,9.3,2491,13.8,152.5,6147,0,5010,203,3850,1.6,697,33.5,9301,827.1,6233,24820.1,503,428.7,931,12.6,1910,10956,1690,4994,13352.7,2981.3,0,178,0,38637,12.1,6088,9,1557.4,4939,709.5,0,614,4660,4,410,12584,61.5,4409,4966.7,4702,133,32.3,0.8,4614,94,5870,435.5,0,9.7,1.9,21.8,1777,957,1,18476.2,7970,0,734.1,5110,2095,3449.6,12677.4,12798,2944,24536,446,7856,2916,4540,6.3,2554,3455,646,2082.8,1530,57.9,36881.7,18235,926.9,10958.7,1211.6,23939,62.1,240.4,6113.1,25.1,15218,12579.1,10634.4,55474.4,7354,4049.4,16434,25246,1447.4,18646,21.1,1311.6,3897.3,20727,775,3910.1,25284,82.9,0,22296.3,45648,63173,999.9,128.5,23269,294,2347,39.3,265.8,7430,409.5,1847.5,1972.1,4052.5,653,2081.2,6345.5,103637,1377.6,1551.9,2187,6344.6,95373,863,352341,3329.4,2228.6,6405.4,6339.5,780.9,1264.7,1088,10673.6,455978,38707.3,96026,361040,49380.9,6754.1,10278.1,28429.2,457066,3493.3,7120.4,"739,795",0.0
Arizona,1276,4103,7102,32419,3264,21550,13783,6767,554,7575,14503,2978,7343,26708,2231,280,4593,3993,7616,416,873,5256,52861.2,309478.9,14585,197164.7,37612.4,30.5,5067,25463,1007.6,26808,8397.2,3986.7,37485,0,89774,10594,132356,357.9,12666,1770.7,0,1933.2,60666,245840,0,100.5,11673,399.7,18203,67524,23800,18363,101066.2,74774.1,0,2615.1,905,266701,738.5,12854,1350.8,10951.6,36216,11183.2,0,7401,48345,670.7,2766,42827,836,49096,58695.4,8681,3052,6295,245.1,40534,2004.1,74348,100.4,398,564.6,676.3,488,26209,11497,2428,230580.9,43104,19521,5335.4,46771,1000,73626,73693.5,135517,15044,90965,15144,1175,13761,19159,127.3,34781,31413,12320,6750.4,0,291.3,298701.1,316229.3,3614.1,82916.5,5397.5,191365,3146.8,21784,82979.1,1967.3,55355,258082.8,17004.1,430619.9,56770,44955.8,175183,32800,3831.9,22710,327.3,4496.6,12.1,190432,1875.7,112.2,248733.4,1863.6,759.8,256342.3,395504,357666,61.1,703.3,128506,2151,13260,643.1,1.2,108022,2583.5,14286.6,12960.4,30312.9,18762,7297.1,70817.1,445821,10735.2,26280.6,3574.9,3905.1,811148,6259.7,3167027,35256.5,22847.9,29349.8,9860.3,6784.7,17816.6,33965,40221.8,3612848,270707.1,829910,2816903,310928.9,6488.5,45729.5,224977.6,3646813,40664.4,16645,"7,016,270",1.0
Arkansas,1147,1456,5609,2449,4996,15322,45796,3777,1216,11462,4415,0,3882,0,9572,1214,11096,8078,4477,165,1007,10133,13812.3,89851.4,963,71265,10714.7,80.4,2032,12032,941,10726,309.3,1100.9,18600,5755,20532,1856,78224,476.5,3921,1889.8,856,3791.1,21358,101834.6,4889,46.7,4174,236.8,12979,40962,10299,10227,44942.5,24776.5,0,726,81,108905,1146.8,2611,206.3,2475.6,15843,2781.2,0,1389,22683,502.9,695,82755,431.5,11956,34310.7,11163,428,946.3,1967.5,10242,217.6,31807,432.2,427,1377.4,1376.1,300.8,7567,4080,3171,63170.4,31365,6200,1032.8,20378,60,16575,47950.2,59827,6418,83244,8767,1980,5836,6518,77.8,3745,40459,9122,3695.1,43,937.4,115646.9,93546.5,98.4,21869.3,3055,88654,384.8,8459.7,23454.9,1682.2,20317,66578.4,15109.1,198468.5,16303,42203.7,160979,15839,387.6,15754,80.9,8968.3,864.6,91117,698.9,105.9,70089.5,505.4,701.4,70484.2,173351,192149,169.7,80.7,69581,2699.8,8177,463.6,2.1,50463,2279.3,3846.2,4491.3,11130.4,39341,2429.8,18395.7,228305,4026.1,17428,833.3,1421.9,309926,2779,1345451,12409.7,8733.8,12475.8,4850.8,3274,9142.3,54826,15738.8,1573756,104208.5,349267,1279315,119947.3,3701.2,25620.5,78588,1628582,17876.1,8124.9,"3,004,279",0.0
California,56828,63233,88692,280250,34862,138434,169861,41966,3771,81025,102386,29353,35726,89335,22345,12698,46441,18109,51665,8085,10090,28685,270559,1517465.9,54634,1075475.2,261353.5,3194.9,50436,129876,53687.5,209437,97081.5,58494.3,266803,129653,287111,50513,880131,4265.4,68864,13387.9,4436,28404.4,387424,1545779.8,5266,47041.9,60254,2599.3,62720,325274,138458,95871,439993.3,361827,0,34451.8,3143,1765077,12369.5,9764,13785,136158.6,192364,65702.6,1776,202633,219372,4946.7,19612,533709,4296.8,198936,326544.5,41524,92942,17617,2858.4,369883,25782.8,563779,11503.1,1921,4808.8,1823,3454.8,238502,117750,11308,1482194.7,308782,92880,25313.4,294332,7056,437578.2,899831,751975,85314,530244,239211,9065,105472,99655,1127.9,288557,219422,117326,58070.8,6670,2082.5,1816338.8,1575536.7,17474.1,676631.3,69132.8,1114649,78946.9,174254.6,555719.3,25526.2,248286,1201036.7,260408.8,2741844,613929,298852.6,1413840,205976,1153,60353,45884.6,109039.7,5248.1,1405395,16211.1,750.3,2201837.6,53679.9,1572.6,1603531.1,2078293,2295321,743.1,6516.1,942019,15695.1,64341,6887.6,1417.7,805465,37021.9,114976.1,95796.5,195838.3,64615,41768.6,583285.8,2749583,247644.2,283294.4,28115.1,7144.2,5502987,51652.5,20178220,346205,140745.9,246767.8,66524.6,33675,144893,241268,316651.5,22927803,2348697.4,5567602,17601469,2665348.9,44166.2,423257.1,1925440.3,23169071,285638.9,100199.6,"39,536,653",1.0
Colorado,1808,8404,7376,22212,2779,16292,23925,6667,401,13620,14901,0,9233,0,1382,874,6142,2108,6813,149,1845,4339,53668.6,210390.8,15029,169529.8,54279.8,46.7,7796,24811,1642,23196,4941.4,8519.7,47888,15971,54111,11585,102234,462.7,9751,1498.6,1030,4158,55033,246962.9,795,427.6,10501,529.9,13810,52753,17465,25046,69177.4,62979.9,0,3243.4,975,262170,1304.8,7149,1747.7,19152.5,34114,7485.4,0,6670,38545,106.5,3267,59119,1277.1,35458,47264,40581,3580,1872.9,104.5,46564,2332.1,72997,926.1,1273,696.3,244.6,447.5,20698,24286,2683,239470.9,58135,16343,3877.3,41839,988,94012.7,71791.9,166764,19714,117878,10897,12898,9649,31050,98.1,30736,28625,8554,9539.8,71,260.1,300631.5,219930.7,3972.2,106442.9,9061.1,239698,4243.3,14246.1,77420.2,2191,54158,230555.6,13066.5,357763.2,84967,51281.2,161353,52334,1087.4,60628,448.9,8119.3,5982.8,193669,1562.5,2987.7,358872.5,5843.1,677.7,260666.2,335151,380048,1335.7,504,113579,2006.2,9618,457.1,7.3,116260,2535.4,16768.4,18065.1,24410.4,30734,8514.8,67536.8,486540,19596.3,22365.4,4658.4,8406,907288,7607.8,3135148,47345.4,17866.1,27663.9,12174.7,3983.6,19015.1,43019,40837.2,3621688,287676.7,938022,2726685,328513.8,10941.5,51372,236304.7,3664707,36881.2,16158.3,"5,607,154",1.0
Connecticut,0,1906,8098,12034,8623,30259,8656,3090,0,14422,10523,0,2641,38425,2997,399,5847,0,6135,760,1346,1641,14928.2,120917.2,1224,122115.5,28258,103.9,6880,16008,4529.3,19869,1909.1,4030.8,22288,0,0,2557,129067,1450.8,6247,3772.4,488,1463.2,48142,131479.7,561,64.4,7001,198.4,7172,29543,15113,8032,65220.8,89261.1,0,2860.7,1041,150249,1792.9,1274,2418.6,10955.7,19262,6159.3,0,5402,23414,452.8,2393,36893,262.6,20855,68168.6,2160,3113,7070.5,310.4,25157,1262.3,48052,180.2,168,590.6,389.1,481.6,17935,11073,0,145923.9,31342,5331,3434.2,22464,240,102420.3,70988.8,85383,9125,76324,1387,111,3952,10499,205.5,25120,9994,10996,7239.8,854,94.2,146407.9,128157,462.9,57070.3,7768.8,115703,1703.9,19811.5,92195.1,251.2,17900,232809.2,2503.1,326493.6,39524,44770.5,165960,13596,325.7,3545,1555,7864.8,0,119793,1127.6,336.3,181700.2,2594.4,58.2,155730.1,221751,226573,3.4,867.6,63711,811.6,6668,684.7,279,69599,318.3,8579.2,7779.9,26841.7,5386,2827,74535.2,258069,13622,27676.3,2980.1,329.1,551182,4921.4,2032029,32038.8,13223.6,21143.5,4628,4299.5,17496.2,10479,26950.6,2290098,236289.2,556568,1744009,263239.9,647.4,36103.6,200185.6,2300577,30719.8,8927.4,"3,588,184",0.0
Delaware,164,430,2490,2986,711,1687,9466,812,0,779,1262,0,632,551,822,718,1597,0,708,0,115,457,4448.4,33489.2,331,25662.1,10016.4,1.8,478,4885,920.3,6331,557,665.3,7032,2243,28992,1113,10215,94.9,1956,143.4,0,821.8,10492,39198.7,0,83.7,2186,34.2,2674,9730,4428,3367,25770.2,17649.4,0,1583.1,0,26909,105.9,0,174.7,2095.2,4919,10862.4,0,523,7630,8.4,803,17070,56,4933,13406.6,527,366,83.5,190.9,4698,82.9,10640,387.2,0,239.1,28,30.8,1856,1299,0,33989.6,8811,0,2877.2,5671,51,19846.3,14806.2,20248,2556,32632,969,9,2093,2410,61.2,4537,3424,5542,1537.7,58,24.8,43647.1,35026.9,31.3,15600.4,503.5,30647,597.8,1310.8,10219.3,419.4,5668,81132.8,37.4,79645,6189,12635.5,27285,8603,3.8,0,46.2,2653.2,0,26978,290.1,3.4,40982.7,198.6,122.6,38709.8,62720,59541,0,94.3,19440,233.2,2309,303.1,1,13238,456.8,1868.5,2530,5603.3,2021,758.1,32353.7,73812,1346.1,3964,569.2,3.8,112599,967.9,500837,7568.1,2651.8,5445.8,1079.1,1033.6,2284.4,4121,6773.2,574649,63711,114620,464150,70484.1,460.6,6954.6,56756.4,578770,4936.2,2112.8,"961,939",1.0
District of Columbia,94,0,136,0,0,66,354,0,10,0,186,0,151,44,0,1,0,0,328,18,42,9,17488.8,56027.5,119,25267.2,3435.9,2,5553,1054,67.7,3361,38.2,3227.7,4874,0,8505,819,922,1.8,730,9.1,19,36.2,8037,56698.3,11,77,841,15,476,3513,2935,3234,31029.6,5839.3,0,12176.9,6,40365,7.2,63,12.4,11971.2,2057,2062.4,0,1292,231,0,1040,1125,42.5,1657,7865.5,487,3852,6.8,0.3,11599,911.7,12900,0.2,0,0.3,1.2,33.7,3551,6066,1778,40038.8,62954,970,211.2,1281,628,12821.1,15722.9,10254,1236,0,51,3,232,1947,3.3,8877,442,0,548.8,0,0.5,74187.1,56576.3,83.5,16986.6,3393.1,18362,1584,134.8,66533.1,0,196226,31159.8,81.8,79885.2,19529,3955.6,2047,14092,0,553,199.8,143.7,0,80686,116,13.6,165715.8,1714,106.2,41226,26128,40365,0,142.2,13522,42.6,2199,1.8,3.6,5600,0.8,5419.7,1419.8,10766.2,0,36171.8,16779.8,250683,6890.9,278.4,3542.8,0,103156,9135.5,640486,31480.7,1551.6,3644.5,509.5,1310.6,1168.9,0,43359,891169,86712.5,103156,788013,130071.6,0.8,1699.1,85013.4,891169,2720.6,1820.1,"693,972",0.0
Florida,5968,11527,24174,43736,11347,40244,36336,15368,1402,30489,39687,7410,22013,35860,8805,3061,13548,4722,21304,1500,4809,15408,211205.3,955081.5,41625,655949.6,212031.6,223.7,19800,87500,6450,124140,7623.1,10847.8,135143,61162,187428,24080,266284,1065.7,43868,3215.6,7176,6978.1,231016,848004.8,4740,33040.7,41034,836.1,45668,216968,92902,67846,317852,247180.7,0,15656.9,2310,692445,2757.2,5718,3862.6,40799.3,98115,18067,329,19821,156251,614.6,8198,132434,2860.3,101648,215591.7,20369,8114,4632.8,1650.1,133192,6086,332822,910,409,1370.9,1564.3,1444.1,99741,39340,5831,804581.8,188856,51765,14563,167013,4359,250011.8,179174.1,464696,46025,254997,48839,1349,64972,64721,334.3,109202,101796,42514,25573,13878,962.1,1059210.2,980654.5,10617.9,359507.6,23809.6,667685,8273.1,29994.4,234405,4015.8,137607,736057.2,62853.4,1368567.3,175876,151565.3,398718,92371,1224.8,27436,1963.4,19361.2,23.7,788432,7897.7,108.7,873904.9,7490.9,893.8,873219.8,1285135,947442,57.6,1360.5,445748,5044.6,27069,2189,3152.7,384475,6114.3,57685.8,45579.3,91088.3,38128,17441.6,212401.9,1177420,41537.1,49355.5,10054.5,1306.1,2899126,25086,10417731,119513.7,68221,80232.2,31265,16672.6,64531.1,78281,107728.3,11595151,830357.8,2937254,8736178,938086.1,7420.4,102355.2,728002.6,11673432,132752.1,47937.6,"20,984,400",1.0
Georgia,3785,6554,22909,10988,13658,30496,69262,12421,463,22306,16107,25313,17249,26437,19320,1089,23188,7426,15218,19862,29053,19030,53387,483945.4,40364,258378.3,49703.1,101.4,14663,41973,4813.9,49901,2176.7,8817.4,67925,0,83438,13077,201431,2429.1,20012,2967.7,1734,12871.7,97087,414969.5,8889,1115.9,18761,1018.1,30773,110058,38299,32597,161015.1,120100.4,0,6290.7,1271,403977,3504.8,5543,1510.4,21175.1,45908,26137.9,0,19021,73421,2754.6,3351,210703,2340.9,47349,67837.1,4641,4967,5226.5,4228,59878,1641.7,162467,508.4,515,2971.2,876.2,1288,35173,28256,0,285219.4,100892,23785,8865.9,77051,808,87596.6,103509.1,212315,22831,175995,15046,739,29076,53047,4275.5,45558,79334,43304,11574.3,435,1825.5,468356.5,495519.6,10748,114573.8,27739.4,312837,5689.3,26630.7,129631.7,2416.5,100624,329218.7,26719,590739.5,133031,87023.6,412134,89733,993,10923,2420.2,31058,0,375583,3983,277.9,435543.2,7162.5,1212.6,319141.3,596373,579972,37.9,443.3,280104,4666.6,22211,2397.7,45.9,237911,3466.5,17509.3,21183.6,41214.3,35081,13504.6,106946,770329,43011.4,57688.7,7452.8,1030.9,1383485,10118.3,5145897,64957.4,30294.1,43990.2,23774.9,10435.4,41782.4,54246,64947.6,5916226,473413.1,1418566,4551906,538360.6,4497.4,83369.7,390043.4,5970472,72076.4,34210.3,"10,429,379",1.0
Hawaii,1099,1023,463,275,0,459,7327,577,0,0,2073,2,1199,0,91,545,361,0,1082,0,295,626,46369.8,65473.5,9140,39170.5,10114.1,19.1,1107,4520,81.1,12921,30,608.3,14676,0,8616,614,6421,2.4,1341,36.4,1616,534,16049,73210.1,116,864.2,1690,17.4,2248,14675,6449,5243,17753,12516.2,0,718.8,37,19310,6.3,292,51.8,2086.5,9861,1055,0,2466,7350,0.3,3107,12458,144.8,8574,10287.3,0,286,100.3,7.9,10240,424.1,21412,426.6,1,31.7,0.8,64.5,3089,1807,1,53107.7,16498,5639,1645.6,8773,4755,9856,19587.6,30159,3836,74544,2242,0,4823,4467,19.8,9298,3734,0,2453.4,1778,12.3,119579.9,67926.9,2932.2,23885.2,1208,50078,160.6,402.8,21193.1,385.1,33224,32907.4,4060.6,86798.5,10747,10534.4,18879,56447,74.3,1017,213.1,1184.7,0.5,49772,767.9,0,50029.6,248.9,0,60429.3,89514,93854,0.4,250.5,36375,296.6,4534,41.1,293.6,21721,471.7,8265.1,5263.7,6531.6,5705,4357.3,20309.6,183525,1830.6,1587.5,5316.2,75.2,185005,1906.6,717372,7417,5543.2,7729.2,4581.9,1802.5,2659.2,11999,17402.7,900897,68245.4,190710,722186,85648.1,547,7398.2,60847.2,912896,8202.3,6384.3,"1,427,538",0.0
Idaho,756,1076,2951,12346,1215,6676,18033,2086,226,3493,3436,0,1533,0,1933,75,2107,785,1585,62,311,6898,11274.7,56358.4,1219,44207.7,11516,28.3,1508,8379,322.1,4895,2571.3,493.7,14404,3340,12913,986,41799,147.6,2706,511.3,606,1818.7,14299,58157,2576,38.8,2525,98.7,6581,18413,4781,5797,28041,14923.2,0,374.5,111,78111,253.4,3278,122.4,2822.9,11397,1361.6,0,1167,14164,99.3,315,29115,132.9,14819,15863.7,1517,1105,123.2,261.6,8712,147.4,18309,19,0,213,143.8,143.7,3885,3263,0,54629.9,12296,3759,416.7,13442,0,12983.9,20182.9,43138,6098,31561,9861,636,2092,3920,23.9,4096,14238,2139,3398.5,44,627,69431.7,59757,208.1,20690.4,737.6,63339,467,4831,17921,2896.9,12872,43765.5,13553.6,108295.3,11949,7532.6,70914,8687,510.6,5431,45.6,2830.2,35.7,47932,292.8,15.8,61171.1,334.6,345.4,58916.6,109057,109672,33,90.8,28810,911.5,3448,100.6,5.4,31665,3407.4,2587.1,4250.1,6461.2,22208,1838.5,12123.1,131231,1584.8,7661.3,537.6,579.3,227131,1362.4,805148,6749.7,5608.9,6948.1,1970.3,1338.3,4195.3,39423,9324.2,936379,59879.2,249339,726463,69203.4,3986.7,15898.1,43981,975802,9804.2,3308.5,"1,716,943",1.0
Illinois,4431,7866,47759,32161,23110,91613,83014,13592,1301,73764,32490,37202,15001,5878,19207,5854,42436,18369,29465,1158,3218,7760,64234.7,549556.2,38200,334645.4,81765.6,266.6,11422,47653,19083.9,60188,5604.1,12059.3,79008,33592,131408,12748,350940,3694.8,24916,9726,947,13269.7,126299,500381.6,1069,509.4,20165,1288.6,31228,134473,55603,33067,263764.6,192464,0,15527.2,1020,602908,13403.1,7117,5428.1,38705.8,56704,27393.7,0,12788,77566,4362.7,8513,245709,2286.2,64566,152311.6,19113,11990,793.6,2104.5,78130,4553.7,174376,4625.5,1124,5667.6,2089.2,2753.2,41880,32495,14192,364038.7,155178,30675,12466.6,87899,1401,202808.9,186023.3,226443,28286,147997,10769,1902,39394,37227,284.1,111991,109778,54168,17565.3,2138,483.1,564616.3,567121.5,8843.3,172962.3,13216.1,338518,9825,49159.6,225475.2,5411.7,80332,575769.1,13188.4,936744.9,118670,122212,596649,41770,1508.1,28132,1260.7,48055,89.5,459333,4986.4,830.4,639462.4,6873.7,2630.5,408200.3,727647,750905,117.9,2146.9,405978,7924.9,26141,3373.5,342.1,320978,5815.1,32553.7,28286.8,69660.1,59838,11929.4,184675.4,873007,31175.5,97214.7,3085.4,1715.5,1562399,18356.6,6851753,108752.9,39545.2,63408.1,31077.9,13227.3,63200.6,74053,78423,7724760,725257.3,1622237,6176576,803680.2,7530.6,133032.1,592225.1,7798813,102745.8,44305.2,"12,802,023",0.0
Indiana,1337,5426,30876,15094,9374,60409,39572,26133,924,44011,31894,116308,14434,10829,9847,3545,40093,41754,16636,673,3243,16329,26708,231989.4,3369,173046.3,40093.5,100.3,5150,31931,22413.6,23356,2255.6,3108.5,47683,21564,45255,4127,386569,911.8,9978,6442.9,0,6710.3,51807,261479.1,0,76,9648,1941.6,23371,76276,24505,20213,126547.6,77316.9,0,2330.3,239,268804,5713.3,6109,4092.8,8914.2,37060,4713.3,0,4369,47604,18266.8,2399,152172,1743.1,49283,84919.9,6131,2673,2217.2,1062.8,31013,1543.4,76160,2986.2,521,3827.4,8781.8,1228.1,14607,11435,0,156559.6,85220,14143,2345.3,48619,235,39957.9,78287,130676,15679,118260,8061,653,11346,13394,209.7,17983,69416,32589,10673.9,0,1075,288187,242663.4,559.9,75048.9,3596.3,198572,1167.8,53441.9,89493,3204.2,37667,170916.2,10398.3,462800.9,41148,43536.2,538741,20696,1217.7,12893,309.2,38538.4,21,224606,1825.6,225.8,187451.1,1512,1239.1,173286.9,400498,387064,35.9,353,164871,5118.3,14586,1753.4,295.6,127207,3628.5,12414.9,12590.3,32066.9,50627,4674.4,52522,445427,6585.3,91980.3,1171.7,1274.5,645931,7633.3,3340844,28631.7,19636.2,26220.8,11370.8,6778.4,19530.9,61183,32066.9,3786271,306644,696558,3150896,338711,4903,109473.7,197170.3,3847454,39167.1,18149.2,"6,666,818",0.0
Iowa,1238,2203,11380,12157,6736,21055,53198,7456,336,38705,0,0,5949,3124,3656,412,11484,7049,6977,153,690,9428,23876.3,87758,404,73124.4,20379.6,50.3,2795,16246,4690.3,11222,1874.1,1256.3,26905,7216,46386,3962,129515,806.3,5829,1698.4,440,7497.1,43379,111542.2,602,23.8,4794,849.9,22623,35368,11354,15228,45107.1,77105.3,0,1043.3,164,171502,6703.9,2477,402.9,3599.7,17545,6305.4,0,2150,25481,948.6,1085,91727,1157.7,21857,58952,2337,821,365.2,771.7,15255,409,35823,172.9,393,1155.2,922.4,529.5,7418,9511,3138,80726.8,35499,6650,1385.1,28326,104,26863,53716.7,79602,8984,67494,14596,93,4366,7830,51,6581,40648,14773,4277.6,178,793,135418.4,92035.5,105.5,37128.6,2005.2,121735,998.1,16522.4,51227.2,7072.2,17757,159262.6,16140.7,230900.3,27069,22984.9,221242,11639,258.4,4907,160.1,14918,0,107066,622.4,104.4,86207.4,1443.6,979.9,88925.8,224682,238996,4.2,142.1,77801,2892.4,7106,803.7,23.4,71727,7574.9,5221,7917.8,13729.5,71411,2015.6,44358.5,268392,4607,31440.4,806.8,262.6,362366,3710.1,1708150,11604.9,9543.3,17960.1,5674,3133.5,10619.5,90097,20782.4,1976542,159396.9,433777,1632862,180179.3,7837.5,47195.6,112201.3,2066639,20162.8,8807.5,"3,145,711",0.0
Kansas,892,966,8251,4215,3341,16397,32725,3886,137,19142,5624,0,5334,31178,1990,2422,9826,1806,8216,141,1432,0,13470.4,104212.8,615,69934.4,18195.3,47.9,2459,13377,1881.8,11184,589.3,2320.5,18789,9019,29640,2308,100723,502.7,5154,1385.5,0,4124.4,31037,110200.4,0,314.5,6293,252,12478,32203,10434,11270,54192.4,43529.7,0,942.1,290,178743,1752.3,2244,358.4,5435.4,17260,2821.6,0,2266,21452,1314.6,876,66998,631.2,19071,42202.8,41600,1344,6661.5,255.7,14022,146.2,32182,1743.5,940,1020.7,115,867.4,7753,6804,5493,75878.9,35598,6229,4306.5,21664,60,33473.2,47361.9,63482,8565,54181,9696,4709,5574,9816,49.8,8187,24184,11607,3752.6,22,181.4,123670.8,107965.4,66.8,33239.5,3583.8,93541,670.7,13743.9,29125.1,4322.9,25083,112085,10731.3,213691.4,24997,31077.1,167721,33130,120.5,48553,135.5,9991.2,542.6,97197,962.9,787.2,116650,898.8,1558.2,86704.4,188508,232924,184.9,172.4,65701,1758.5,7133,644,0.2,64960,4673.1,4775.4,5940.2,12740.5,51613,2685.8,27689.4,291137,5288.7,23735,2818.3,848.1,384466,3387.1,1561013,16682.5,9888.9,15078.5,5950.2,2966.1,10432.5,64670,20582.6,1852150,134997.7,436079,1480741,155580.4,5521.2,35196.4,99801.3,1916820,20321.4,8916.3,"2,913,123",0.0
Kentucky,1626,6922,12678,5381,10370,21872,28679,4529,259,21003,6291,61668,7732,4212,8721,1125,16920,11798,10198,807,1511,11822,18330.7,153202.7,2887,106149.6,18966.9,52.3,3642,19768,2157.4,15897,1489.8,1461.3,26645,30266,35961,4274,166678,1340.1,5948,1992.5,0,7066.4,37661,170083.7,0,59.4,5720,284.4,16995,53201,18860,15112,84508.2,50622.3,0,1549.5,127,172872,1780.7,9701,378.2,4968.1,24439,3561.3,0,2741,30972,8840.7,1895,89446,909.7,20456,44855.2,8565,820,555.3,1599.7,19820,537.5,47465,895.1,904,1763.9,2517.6,741,10991,5858,3292,98108.1,41512,8624,1482.4,31504,262,25535.2,47282.3,85852,10060,99054,10382,2389,9649,10551,174.6,8455,33474,28787,5940.1,2706,680.5,188414.4,159142.7,461,41219.5,3022.1,127609,873.1,20769.4,42000,2019.8,36738,118549.3,13777.4,282795.2,27886,27327.1,256124,44554,1593.6,20655,123.1,14450.4,141.2,131472,3300.7,249.9,121398,686.2,627.7,108341.5,259977,271926,152.1,163.9,120682,2141.1,7206,1515.8,599.1,81867,2483.2,7371.8,8063.7,18233.1,68737,4624.4,31427.8,353218,4704.6,35219.9,3871.1,1887,432547,4151.9,2062257,16689.8,11574.6,18627.1,9059.3,3622.8,13422.6,82436,27122.5,2415475,167912.3,501284,1996627,195034.8,4370.2,47653.8,120258.5,2497911,24997.2,12682.2,"4,454,189",0.0
Louisiana,718,2672,26189,2283,1451,19004,17019,1713,202,14061,5656,0,6182,0,7056,12002,3539,3374,4027,433,1089,7245,40634.9,148906.7,3409,137268,29150.1,23.4,3850,21464,14616.7,21650,223.4,1037.3,42162,0,34543,2677,71168,156.9,6986,1663.1,8255,2328.4,42587,189788.7,5051,170.2,7186,71.5,21155,56031,20324,50392,85281.8,42424.3,0,3369.1,376,213020,1634.3,2297,313.8,7285.1,23612,4013.2,0,7102,32937,73.9,2245,74946,688.1,16942,46595.7,38153,592,1242.7,1969.3,23392,1247.3,68521,12390.1,2686,461.8,383.7,203.7,16756,4434,0,117495.8,46724,20472,4774.5,35530,930,32668.6,61256.6,105400,11045,79856,5887,30108,20169,11089,87.2,17660,27335,9182,10903.6,10516,774.3,230423.6,159810.3,735.7,56034.4,2702.3,197954,515.4,7225.8,58332.1,946.5,30809,118522.3,19782.6,330402.1,29744,32652,146114,35736,378.3,70558,1141.5,32080.6,4503.7,167531,2370.9,854.7,153511.5,540.8,624.9,143118.3,281919,292876,3059.6,359.1,104564,1707.2,9195,921.5,1524.2,77315,1536.1,11286,12175.7,20833.2,23116,3771.9,34633.6,359421,4900,39306.4,2366.6,7941.6,618346,5214.7,2299325,20815.9,15498.3,21036.6,9098.2,4819.8,12749.4,31005,27175.1,2658746,200808.7,641462,2048289,227983.9,9477.7,60959.7,139849,2689751,28247.7,13918.1,"4,684,333",0.0
Maine,444,1724,2673,1997,476,5232,6201,1662,1893,2426,2867,0,1720,9259,4718,404,2199,0,1778,1178,916,5508,14815.2,41900.2,275,37995.1,9389.7,105.2,1241,7892,513.6,5407,410.8,619.1,13008,2867,11432,828,32172,30.6,1965,517.3,7432,738.1,19567,49837.3,5038,550.5,1888,91.7,7645,13514,4570,4187,36916,15813.2,0,570.7,8,58699,219,0,164.2,1981.3,10758,1256.6,0,1121,11520,90.4,633,24128,132.4,10914,24251.7,247,817,942.7,746.3,11050,287.2,14252,91.1,81,252.7,24.9,106.7,3771,3356,518,38750.9,11813,2937,473,11571,477,7435.6,24090,36537,4133,26582,2583,0,1779,2705,111.7,3633,7549,4579,2518.7,174,375,64652.5,44418.9,87.6,21359.9,586.7,53732,227.2,2999,21998.9,308.6,15030,36487.9,15562.2,123252.8,10068,11893.7,56300,6798,25.9,1196,50.4,2665.4,0,41407,262.4,28.3,47877.1,367,55.1,42168.9,99773,85281,0,115.6,21932,536.6,1971,250.7,8.7,22393,817.8,3092.4,2134.6,7992.7,7550,1907.8,12317.7,107109,1231.3,5664.4,559.1,25.9,187115,1318.9,708437,6095.7,4818.3,5783,1345,975.2,3367.5,11425,8250,815546,51197.3,194665,632306,59447.3,843.7,8642.7,42554.6,826971,8185.7,2320.2,"1,335,907",0.0
Maryland,1873,3467,12486,18330,2327,8448,16509,4487,280,6633,6617,1021,4861,3550,2641,861,5954,1001,8854,493,918,2935,29791.2,237537.4,5573,193835.4,46761.7,97.4,5566,24409,6110.9,29814,4395.6,10821.2,54858,0,48396,5899,60210,192.9,9617,815.9,2234,2770.6,71625,227103.2,704,588.7,10959,367.8,12008,53608,22680,21425,115272.1,58755,0,4052.5,363,243626,1035,1267,912.1,22878.1,27933,5942.6,0,5576,40131,190.4,1935,54336,670.3,30398,79904.4,2868,2441,811.8,260.2,43063,2197,83591,398.6,113,977.7,113.4,649.6,25232,13344,0,223244.5,66117,13894,9662.4,39684,737,68067.1,75232.3,159980,14184,98426,3632,577,11090,19424,122.7,54755,23463,18269,10426.5,1277,222.8,256894.4,247963.9,1767.8,93956.7,11704.7,236263,1939.2,9728,109787.5,730.8,174895,188580.5,6706.5,464244.3,52250,34614.4,114546,50119,226.6,4712,493.7,11387.8,2.3,214624,1992,45.1,394217.8,2899.3,412.1,247163.9,347366,342052,39.2,1004.4,140078,1595.8,11719,1330.6,228.5,95355,867.3,14802.1,17105.3,35017.8,10848,38074.2,86527.4,567066,17036.9,21115.8,9571.1,268.1,841391,8769.8,3071137,53422.1,19132.2,30703.3,8376.3,6963.3,16623.8,18347,78348.6,3638203,306028.2,852239,2804311,384376.8,1135.4,39356.6,266671.7,3656550,35756,15339.6,"6,052,177",0.0
Massachusetts,3359,4305,18238,56200,8762,33219,25962,4771,1904,17508,22455,0,6650,0,7920,1010,12910,2816,12148,2953,2316,3296,44108.4,249555.4,8478,250373,55746.4,345.8,6777,27176,9461.7,38332,15924.1,14950.5,50762,20155,63265,10775,167817,1302.8,8625,5037.2,6014,2879.6,105971,293906.2,1028,157.1,11149,358.7,13351,51207,29600,17795,216009.4,99916.9,0,7399.7,617,271306,2058.2,1525,4747.2,39767.9,34706,14841.5,0,8076,41684,212.8,6262,93025,875.9,35556,113550.6,1996,10367,1901,802,65036,4038.5,98251,343.2,146,1604.2,331.5,1251.5,26452,47803,3535,255916.1,71093,13305,4679.2,44496,1796,142613.1,160684.2,180318,17958,126602,3287,228,9392,20798,429.9,74658,21432,12598,13995.1,1006,191.4,338014.6,263550.6,2300.9,131082.9,6443.2,248875,6876.8,32940.8,259059.2,182.9,46312,330453.7,10861.3,740617.2,104596,80564.6,260842,19301,334.6,3749,626.1,17118,2.4,240292,1602,58.7,524745.1,16423.5,387.3,274517.3,415315,397908,18.4,1974.3,153196,1714.8,13420,871.4,160,137693,715.2,21304.5,18438.7,65340.4,6675,8360.2,121673,463521,30369.5,50058.8,6550.2,355.4,1028957,9834.5,4235251,87343.3,20722,37227.1,9069.3,5882.5,26319.7,11404,52137.5,4698772,467426.7,1035632,3674544,519564.2,1070.6,69568.1,397858.6,4710176,47041.6,14951.8,"6,859,819",1.0
Michigan,2461,7943,30836,20482,13837,83403,39028,23248,1111,74988,27263,173991,11644,7186,11952,1641,42502,22303,16221,676,2689,12135,50667.4,377080.8,13211,273297.9,51151.4,193.6,6491,46103,6458.9,38254,2114.2,6413.8,62674,18763,81142,8873,470480,2517.4,15349,7629.4,1235,5617,83479,362157.8,4739,7985.7,14579,2365.8,27303,113119,38492,20334,224774.1,96746.9,0,4645.9,855,355901,8100.1,5104,3151.5,27322.1,49460,9118.4,211,8407,68754,39688.6,4553,157060,1642.3,47654,115817.1,13657,5992,1055.6,1412.4,51198,2018.5,133340,819.4,1204,4268.6,2824.4,1314.6,23362,21015,2808,277683.9,95715,20053,6443.1,70422,864,78859.5,101929.9,177091,25756,183396,11042,1907,16904,22710,274.3,27349,65949,17720,14663.7,925,882.6,412825.2,391744.5,3351.3,108920.9,5811.5,260099,3479.4,71972.1,113356.3,2226,52212,274063.5,17553.7,715819.1,73488,76466.6,627540,17687,1743,20668,595.1,20358.9,101.9,322839,2120.3,347,447862.8,3839.1,420.2,305035.1,568302,539297,113.9,498,165697,4311,21214,1170.8,110.7,188291,2763.7,16886.1,18971.9,46178.4,45624,7441.8,85402.6,609196,13725.1,92331,1662.6,1958.7,1128558,11066.3,4898669,64111.9,29468.2,43377.5,12329.3,9774.7,32735.2,69512,52482,5507865,437703.1,1174182,4403195,490185,4722.4,116025.4,321677.7,5577377,62203.4,22104,"9,962,311",0.0
Minnesota,1542,4043,12019,46217,8794,43872,47831,10639,1241,34134,28082,0,10959,0,9340,2320,15857,6149,24003,441,2832,12814,32973.3,174251,14934,179902.2,38278.7,134.3,6422,27424,2717.4,24554,9273.5,5598.2,39161,17731,64984,8140,213233,1361,9177,4164.9,1143,5973.1,56617,211266,2627,137,10103,863.5,25560,61707,20582,19301,111479.2,88064.5,0,3664.7,1006,276829,4327.2,6720,5082.9,14458.4,31203,11410.9,0,5546,37894,841.9,2899,121469,1230.1,42537,113769.1,4074,2765,1661.9,1627.1,47388,1810,66994,2269.1,726,1615.4,646.8,2143.6,14661,22293,4269,168747.9,76378,9673,2413.5,38681,311,73094.3,119206.3,117767,16553,94178,10228,273,8306,13930,311.3,29816,41138,9779,7692.4,395,1179.3,244239.3,181943.4,3182.9,90375.7,4848.4,176229,3155,30632.9,96895.2,4588.8,31958,243535.7,14395.6,524356.8,59096,95426.9,334702,20022,2218.4,11067,327.5,16791.3,41.5,196714,1402.3,343.2,259999.3,4790.8,1099.8,181840.5,363911,371007,8,812.7,127405,2954.5,13619,579.2,214.8,141770,4986.4,11355,13371.4,35623.9,64041,3963.6,66402.2,422987,13121.7,47424.2,1407.6,2268,681415,7208.8,3199058,44684.6,18418.3,28785.3,10589.3,5305.7,23448.2,79670,34156.5,3622045,304207.7,745456,2956259,338364.2,7254.4,68049.9,236157.8,3701715,41866.5,15895.1,"5,576,606",0.0
Mississippi,1856,0,6306,2307,6388,10427,23810,19369,0,12236,0,0,3487,13569,3930,2488,6978,3628,2229,1087,1097,9526,31127.6,99928.2,445,66634.5,13215.1,89.5,2122,13573,1226.3,13031,175.1,483.5,17499,0,22051,1366,98514,797.5,3114,842.2,1382,1615.3,21481,105058.2,6766,116.9,4061,1073,15927,37986,11696,13038,32639.1,21562,0,990.5,67,154912,1292.7,1636,185.4,2030.4,14309,2673.7,0,1193,20882,2179.7,481,50649,393,9953,27046.9,11609,175,1440.2,634.9,8199,107.8,36561,1501.5,963,806.8,574.5,191.1,7049,2930,1344,55946.9,29004,5849,1126.7,21340,0,13446.3,37787.1,53169,6484,65918,7016,2741,4561,7551,350.2,3714,28880,13307,3516.6,1184,1042.3,136185.8,103444.8,79.4,22002.9,1755.8,83706,279.9,9995.4,26173.7,1224.5,25387,62180.9,15719.2,164107.6,15337,14595.7,149163,27013,157.3,15986,85,6415.7,334.1,93954,600.8,220.8,59905.4,285.5,352.3,62989.6,172497,220830,179.6,66.6,61023,1469,8644,681.7,194.1,38725,1779.7,4943.7,4168,9242.2,31321,3402.8,16507.5,273230,2406.2,16411.1,1880.3,671,339448,2554.6,1267276,7815.8,8824.3,13629.1,3664.8,3182.4,5764.6,39688,18912.3,1540506,87936.3,370769,1209425,106848.6,2450.7,23029.9,64906.4,1580194,14589,6847.3,"2,984,100",0.0
Missouri,2391,6114,19818,10281,10709,30335,40502,7694,1505,26782,10610,25684,8054,20846,6726,1330,16677,6949,12955,392,1971,9488,36903.1,208388.8,4743,146676.3,38334.3,144.6,6707,30447,5749.8,23989,2054.2,4926.8,44214,0,59763,11027,167432,1655.3,8631,2770.8,853,6933,52442,245171.5,2431,23.7,9462,460.4,30005,70355,23856,18548,137027.3,77890.3,0,4180.3,371,273378,2680.1,4634,1081.5,11182.9,35657,9522.8,0,4846,46958,4503.3,2999,110381,869.4,38951,79740.7,4872,1307,2103.1,1188.4,34383,2327.9,73299,468.3,334,1564.2,702.3,1227.5,12877,11636,0,168735.2,75372,14740,5284.5,45890,550,59786.6,104001.9,129419,15871,104207,10044,420,12817,22476,139.8,18221,53573,16436,7613.2,462,594,282074.6,216002,1216.3,78044.2,6400.5,192181,3966.9,19474.5,86492.8,2836.9,58423,215073.3,13691.5,467446.1,57999,78338.2,277813,35041,729.8,9926,328.4,17415.5,2.2,207438,1735.2,90.2,236999.9,1854.6,1692.3,189130.7,386624,377585,19.2,477,129917,3709.9,12605,1001.6,116.8,130274,3200.5,12114.8,10699,30163.9,89026,7190.4,55922,471049,12550.3,36890,2537.3,751.3,687510,6976.3,3131756,37750.1,17896.2,25850.4,10039.3,5299.2,20129.5,99277,35578.1,3602805,260382.4,776536,2925546,295960.5,3951.8,51540.7,208841.7,3702082,38025.7,15338.5,"6,113,532",0.0
Montana,0,1333,1043,786,204,3029,2961,1141,282,1293,3002,374,1505,389,0,1314,466,231,1179,34,274,3160,15519.7,24363.9,734,25985.9,12840.4,4.2,1256,6712,124.6,3396,56.2,420.7,12197,0,8998,668,15114,18,1666,189,998,312.4,11335,44257.5,1445,8.8,2275,33.8,5785,11304,3056,6493,26334,9576,0,383.7,93,47682,80.6,5466,130.5,1434.7,7793,1228.6,0,1032,9080,25,487,9148,195,7804,13640.8,5185,147,15.2,1.9,7680,151.2,11521,762.7,417,28.2,17.9,75.2,2459,2302,0,38230.6,11585,3369,656.2,9457,129,7038.1,13836.4,27639,4943,27259,5450,2151,1966,2881,8.9,2275,7533,513,1355.5,37,361.8,59777.2,25719.4,152.6,21158.6,658.9,46329,151.2,1123,9199.8,1582.8,13302,27718.5,8147,79797.1,8286,2990.8,24262,7836,1107.8,12802,76.1,1318.1,330.8,35022,261.2,104.5,39814.1,221.4,881.7,42348.8,75149,74941,150.8,55.4,19615,537.7,3284,12.6,0.8,19367,1836.8,2364.8,2640.4,4851.9,23196,1657.4,8555.2,96079,1107.6,2441.1,482,1589.5,160360,1018.7,541330,3431.3,3006.4,4871.2,2006.5,1102,2632.6,30150,7010.6,637409,38584.9,183556,484003,45595.5,3426.3,8507.9,30077.1,667559,5639.1,3108.4,"1,050,493",1.0
Nebraska,276,903,5850,4451,1288,8688,35653,0,459,9481,5535,0,3211,2164,1483,82,5284,1208,3603,158,487,2331,9739,65897.5,572,48814.2,12808.9,42.3,3106,10417,2016.8,7718,468.6,1250.7,15071,4903,26255,5221,46409,251.9,2663,757.3,252,3974.7,22140,74871.8,192,9.8,4392,126,10374,21688,8352,8267,36965,42475.3,0,901.7,193,111729,1073,1111,1253.7,2719.9,11052,2522.8,0,1247,15798,587.1,1416,54238,302.4,15537,31917.5,2272,1164,109.7,131.1,10668,271,24222,6,137,510.4,173.2,224.3,5111,6248,11206,54493.3,22749,3636,813.3,16452,92,21355.4,34463.4,51411,6030,34487,10462,250,4200,4051,49.2,4698,31363,5624,3105.8,9,147.8,84610.8,69003.4,161.5,25163.9,1377.6,74749,1539.7,5250.6,24732.7,6584.3,16773,94821.2,11229.7,152160.2,21037,25366.1,100647,12643,143.2,3633,39.6,6954.9,4.4,68534,541.7,1797.6,67633.3,915.6,3638.4,59135.6,136161,146216,9.5,89.6,62804,2375.2,1417,330.8,0,44653,6908,3168.7,3390.2,9510.8,40902,1773.6,22860.9,175632,3872.5,12205.5,936.2,157,234565,2323.8,1080895,10732.8,6346.8,12062.9,8934.8,3615.2,7483.4,55387,14772.7,1256527,101510.3,275467,1036447,116283.1,7064.9,22660.6,78849.7,1311914,13830.2,12550,"1,920,076",1.0
Nevada,434,627,2185,3156,1411,6060,6538,1880,0,2043,8409,740,3416,700,849,278,3364,1298,4093,0,729,1307,210467.9,126585.8,7217,67575.3,30651.7,5,2218,9028,338,22770,444.2,816.5,16375,8350,22486,2553,30420,157.1,5102,541.7,0,617.8,24173,135817.6,0,72.3,4794,99.3,8833,28952,11108,9102,32381.1,23369.9,0,1497.3,194,98865,182.5,14327,2010.1,4755.9,16592,4509.3,0,4837,18205,52,764,19224,462.1,19044,15259.2,3132,1233,134.1,94.3,24440,3331.5,40693,89.2,0,317.3,131.3,286.9,9740,3736,0,110056.1,13349,9657,3248.7,20335,1616,38914.5,29368,67921,6254,35392,1321,2297,7831,5832,58.4,32940,12716,16307,4164.6,0,83.9,346285.6,130750.3,2904.3,59187.2,1915.9,93398,2026.9,4298.2,17592.1,226.9,18899,96687.9,1783.9,144583.5,20409,35036.6,49644,17920,3151.7,19756,664.4,1807,1.5,84117,1024.8,13.1,101419.8,606.9,195.5,123155.8,174855,134257,164.5,1039.3,87722,812.4,4602,832.6,7.5,39834,264.8,26215.8,6756.6,9799.7,3499,2330.1,30547.7,171076,5214.1,6105.2,1356.5,3317.7,391849,2709,1548030,16188.7,10359.9,13308.4,6829.4,2350.6,6085.3,5663,16995.1,1719106,132744.5,395348,1329421,149739.6,3582.5,16444.3,116300.2,1724769,16445.2,9180,"2,998,039",1.0
New Hampshire,675,1075,2240,15229,4297,12127,3073,1283,269,7262,5264,886,2222,1350,865,270,5604,2386,2791,1899,284,2205,11969.8,47499.5,616,41714.4,12852.4,65.1,960,9787,393.4,7364,2206.2,1412.3,11748,3634,8956,2093,54511,783.3,3579,1372.2,0,611.9,22989,53959.8,1691,915.7,2904,58.9,4681,15580,5029,4126,31815.2,22585.4,0,698.2,49,56711,843.5,958,512.4,3360.8,10227,1091.8,0,1149,13724,115.5,598,19045,274.1,11316,15834.1,659,597,166.6,96.3,9611,316.1,16927,72.9,0,475.9,238.2,219,3641,5916,96,46320.8,11345,3079,804.9,11991,359,18679,18516.1,37005,5673,25397,0,120,1382,4516,142.7,5494,4358,2930,2346.5,0,175.6,65929.6,49846,149.4,23377.5,1218,52879,659.7,6746.4,32615.2,118.8,7658,52227.8,3290.8,107879.9,15231,11122.5,73556,4713,47.5,1737,120.7,2077.2,0,43904,308.7,1.7,65095.3,1387.1,6.6,50253.7,112853,82108,6.1,174.1,18906,314.4,2546,247.1,2.4,30783,210.6,3747,2361.5,8974.1,4141,1302.9,18510.5,94479,3385.5,8823.6,920.4,53.7,192933,1692.3,773340,9369.7,5187.2,6197.1,1204.4,1284.5,5193.1,5689,8420.4,867819,69997.8,197074,676434,78418.2,264.3,11449.5,58548.3,873508,10380.3,2488.9,"1,342,795",1.0
New Jersey,6216,3378,45595,23808,7446,21456,35690,6616,615,14535,21046,0,10586,0,9838,3113,15367,4666,16569,1526,2744,3010,57743.1,351566.2,17612,305757.9,66937.7,303.1,4576,33771,20601.4,58313,4244.3,11946.6,57233,32514,78510,12771,118690,1117.1,16928,1949.8,1416,4374.4,122362,291800.1,451,15007.1,16975,450.8,20247,78097,41971,22490,165142.5,120541.6,0,7211.5,837,395594,1629.6,1681,4001.6,34726,38718,9163.5,0,9720,54129,245.4,1946,140651,1342,45319,103433.4,2394,6464,438.8,1257.5,56306,2918.2,126306,2180.6,500,1549.8,547.3,1467.2,32682,23382,0,390747.1,76887,20342,6882.8,54761,0,154594.3,113198.3,170190,20427,140753,5122,339,26392,34826,338.8,78422,55643,41668,16437.6,1610,176.9,349543.1,368003.8,5841.7,128107.9,12228.6,249913,7186.8,16143.6,145094.4,577.9,49432,377816.5,7257.7,687532.1,91739,108460.1,259341,25027,349.8,4414,1203.6,32072.9,21.6,290636,4920.8,161.5,515385.2,6146.4,250.9,418808.9,547257,536347,50.7,2049.3,257189,4195.9,16835,2636.7,432.9,238144,846.5,18981,21788.3,52991.5,8079,6839.1,136133.4,610806,26765.4,48216.5,2392.9,422.1,1259970,11252.8,4761130,91973,32771.8,52486.1,20489.7,9774.1,47946.7,19245,61718.1,5371936,520352.8,1268049,4123132,582070.9,1268.7,71273.4,449079.4,5391181,80718.4,30263.7,"9,005,644",0.0
New Mexico,386,1005,1443,5217,535,3273,6286,967,163,1184,3396,0,2435,0,533,831,1018,500,1206,91,207,1346,17573.6,53055.8,1210,64728.3,9694.3,5.5,1436,7937,253.7,7050,1077.2,535.5,14465,0,13019,866,20019,57.6,2614,165.5,0,635,15736,78074.3,0,1061.1,2367,30.6,8306,23345,6181,9654,24748.1,14232.2,0,674.1,99,103275,93.9,4638,134.4,5574.5,12719,1196.1,0,4018,14366,23.1,809,13169,257.6,8411,15413.4,14732,442,108,105.4,14018,312.9,17863,600.2,245,116.4,36.8,56.7,7331,2790,0,46757.2,16605,4355,928.8,13537,199,9396,36630.4,35893,4604,58703,5038,12438,2603,6449,7.7,4394,11193,1804,3257,52,56.6,95647.9,56312.8,277.6,24834.3,1393.8,60012,140.3,2041.4,17617.4,1216.5,29385,38904.4,5985.6,141520.2,16001,6838.7,33188,17159,1324.4,31808,1019.5,1780.6,3718.1,55336,363.8,61.1,84535.1,321.5,688.9,52139.9,113636,161978,908,119.3,26672,757.7,4900,91,12.8,25379,1383.1,3810.1,3310.7,7842.6,21291,6926.7,15494.3,208522,2875,3822,3504.9,5950.4,209893,1991.4,854243,9711.7,5517.8,11630.6,2372.2,1662,3074.5,29641,22062.2,1062765,68817.8,231184,861222,90880,7333.5,14466.2,54351.7,1092406,8592.3,4034.3,"2,088,070",0.0
New York,19649,10174,39837,60148,14646,52509,61548,15367,2021,41504,39195,12081,17258,8311,16111,1980,21855,10454,24240,3776,4336,10933,118649.3,629314.8,33994,687584.8,117752.6,1444.2,34780,67636,13344.5,140736,10210.9,18765.4,140802,54976,181690,22514,282406,1365.2,38209,5182.2,1718,10996,235574,739830.6,3882,2695.3,31692,981,31013,150425,98848,35665,411028.4,257911,0,38452.2,2826,1040928,5848.9,7460,3564.4,75577.8,88100,138659.6,0,69723,90071,1393.5,20303,205527,2978.3,92752,263454.5,7892,49774,1676.6,2094.2,227939,18950.4,287897,620.3,406,3607.5,1205.7,1973,105316,77125,5167,842572.1,202222,31134,10689.9,103573,3832,585494.8,430266.4,365953,43745,242718,9185,853,34432,58039,700.6,211201,56561,26847,28320.5,3990,681.5,858479.9,657635.2,9020.7,384945,54960.9,542420,30359.3,35088.3,524309.6,1998.3,116510,1207324.6,15180.7,1792334.2,311955,197585.6,487933,55150,713.9,16205,19993.6,34780.4,77.4,699008,5578.1,226.2,1120630.4,23630.9,496.2,887222,1108801,1283646,36.8,9511.7,431406,4020.4,43115,1462.9,650.7,377061,2394,64994.9,46845.8,142240.9,32628,18446.9,508500.5,1455306,128944.6,69868.7,5404,828.1,2716696,29983.8,10750706,196713.2,69957.4,131731.4,30966.9,21117.9,72030.5,53650,155582.4,12206012,1385387.3,2749324,9510338,1540969.7,3222.2,119936.6,1265450.7,12259662,141987.9,52084.8,"19,849,399",0.0
North Carolina,9037,12334,43001,33196,22320,39334,56756,38777,1037,34700,19000,25776,16333,9294,16731,839,34157,7805,13964,28404,6702,19657,52430,408409.2,15070,260085.1,63938.3,303,9294,43822,25128.7,44810,10285.4,7507.5,70719,0,90476,15599,266192,3654.8,15165,3923.5,3102,19721.2,94969,401846.4,6411,7106.1,18087,2385.9,32320,108210,40242,37954,122332.4,93755.3,0,3724.4,508,443942,4825.9,3574,1775.3,19885.4,51424,30010.6,260,7445,76548,3438.1,3760,222962,1786.9,50613,107045,5006,2788,6043.5,2096.4,61378,2627.8,122795,282.1,331,3823.7,802.5,1063.1,26688,27123,0,287608.4,106841,18764,4412.5,73940,727,83399.2,104515.8,225471,23368,211352,16183,507,16876,32041,2545.1,29771,62519,27016,12204.6,352,1674.5,454276.4,420613.8,2878.6,131704.1,8212.9,334144,4652.1,40596.2,148124,3483.1,71683,305007.1,26580.4,593978.3,94290,104059.9,489154,127881,444.5,9087,458.1,54963.2,7.5,330264,2336.7,81,382166.4,6325.6,383.4,311292.9,599578,655294,22.9,472.5,179169,4000.4,16314,1434,16.6,200144,4367.5,18749.5,18718.8,41195.3,40677,9911.5,102288.1,854858,19648.6,95559.5,11519,474.9,1199939,10475.1,4906676,60154.1,27023.8,48251.9,11603.2,7948,30495.2,67965,69682.5,5761534,448701.6,1240616,4588883,518384,4842.4,119120.7,329580.9,5829499,57519,19551.2,"10,273,419",0.0
North Dakota,80,283,441,1336,142,2043,5078,924,0,5233,921,0,1710,818,0,0,1371,0,879,0,240,2125,8241.7,17566,182,19998.7,4301.1,4.4,1267,5566,187.2,3511,138.8,250.5,8597,0,10061,681,17361,9.9,1702,134.9,0,792.8,7766,30483.8,0,13.8,1688,40.4,5644,9360,3213,8877,19714.4,11810.4,0,208.5,47,43205,1006,2532,43.3,1258,4691,1031.2,0,501,7515,78.9,0,8925,220.4,6882,17482.1,9133,51,118,13.1,0,48.3,9060,213.2,1003,169.8,63.8,39.2,1219,2958,1674,25665.3,9841,2934,1190.7,7129,0,6171.6,12935.4,23620,2804,24870,4530,11428,2188,2028,16.9,1995,12759,807,1082.7,31,153.4,38725.5,18648.7,45.4,8329.4,627.3,41094,103.3,2007.8,6680.1,2666.1,9434,29763.1,4951.1,70130.6,7486,6380.3,26286,11567,492.5,23093,20.9,1436.6,1674.5,27249,295.1,294.5,24859,594.6,603.6,29837,60342,68075,1893.2,68.8,22843,1221.5,4026,32.1,9.2,25683,2833.2,1368.9,3748.9,4240.7,26200,463.7,8420.1,89076,1346.1,3444.5,797.4,4060.2,102385,959.6,459119,3091,3110.9,4752.4,2570.2,1323.2,4568.2,31049,6013.5,548195,45085.7,128585,450659,51099.2,6893.3,14086.6,30999,579244,7679.1,3893.4,"755,393",1.0
Ohio,2746,9009,45668,21350,28206,101916,62465,17538,1324,79639,26658,105559,28137,20282,19914,5218,57658,37229,23884,1879,2760,16635,44470.2,420727.7,10927,341335.6,74260,155.5,7926,52399,16231.6,45392,2288.2,7234.6,70432,34419,98842,9088,483149,4444.9,17532,10619.4,968,11636.6,110459,475472.7,3062,248.2,15481,1105.7,38273,120089,43158,32271,278232.2,167187.9,0,5331.6,653,510087,8640.5,6003,2203.2,19679.1,58344,26597.4,0,7681,86029,12129.3,7717,232525,3366.6,76029,181025.8,23265,6395,6731.9,2129.8,61768,2707.6,134009,4272,1930,5919.8,5917.2,2034,23435,27430,7543,308140.4,129949,25163,6253.8,80110,479,96041.1,147232.6,230226,28219,177706,10793,5785,21996,29033,322.9,35693,98512,48910,19602.2,794,1051.6,519942.9,440329.9,2218.2,146452.6,8659.1,332929,3405.1,58498.4,157748.6,2328.8,77653,399351.5,15285.4,947826.2,87553,167963.5,715674,35430,1162,35053,477.8,42702.2,5892.2,367503,3644.7,2177.2,420371.2,5342.1,1405.9,340210.2,691404,687793,486,613.1,261203,7051.3,21019,2790,104.6,254569,2791.2,22685.5,22330,60662.8,67817,10979.3,126750.7,800876,17884.1,101200.6,4131,7540.2,1277766,12929.3,6040146,71681.6,36760.8,53010.3,20004.9,10584.3,39004.5,87909,68120.6,6841022,552810.6,1345583,5583348,620931.2,10331.4,133862,418948.6,6928931,75765.3,30589.2,"11,658,609",0.0
Oklahoma,1118,2900,4056,4587,3210,22897,18318,2621,392,26701,4874,0,7923,0,2918,2557,10160,3697,3199,206,726,2781,17527.3,130692.5,6351,94455.5,17706.2,49,3555,17981,840.6,14250,596.3,913.5,24507,6932,36021,2052,93938,338.9,6036,2078.2,0,2024.6,26789,148558.4,0,22.9,5814,130.9,18761,45142,14171,18751,58159.5,35235.8,0,1610.5,403,206871,2684.6,3620,275,5107.3,22837,3047.6,0,2689,29930,655.7,1264,46550,1073.6,20212,37893.5,102004,690,1106.4,748.4,15675,544.2,44874,1211.9,2531,1125.4,296.9,151.5,10270,6465,1863,87463.3,43936,11292,2440.4,27624,152,31473.1,41789.6,86267,9072,82972,7723,27638,7537,10755,52.3,5852,26799,12073,4218.4,23,274.9,166085.7,134910.9,914.5,35189.4,3122.5,129525,386.2,9511.3,31662.9,2204.3,48178,111046.2,9533.3,232298.2,26206,24652.6,140488,33005,445,133262,132.9,6203.8,14395.4,126704,884.6,6465.3,116740.3,903.2,778.4,101598.8,230995,289843,1986.4,72.5,70113,1915.4,12227,566.3,0.1,64186,2450.6,6370.1,6991.6,14706.1,70964,5725.6,25231,371026,4544.8,15715.1,2450.3,16826.8,525063,3871.1,1835632,15238.8,10862.6,21693.4,11597.1,4066.1,10628.9,78364,29869.2,2206658,149100.6,596027,1688995,178969.9,19277.5,41984.1,107116.5,2285022,21491.5,15663.2,"3,930,864",0.0
Oregon,1856,7090,4541,38777,2772,17577,30904,7140,786,13317,12086,0,6112,0,4258,582,5620,8324,6120,179,1238,24153,30696.5,129945.9,4508,116575.4,25057.3,104.9,3390,16770,755.8,18355,14899.4,2374.5,34391,12412,27912,5123,142849,439.8,7141,1484.2,3402,3093.8,45112,166235.7,9895,32.5,6998,481.3,11497,43341,11033,11182,64174.2,39021.5,0,1818.4,334,202125,1564.1,3490,638.3,7958.2,23869,3932.6,0,6433,28063,558.5,1814,63174,627.3,26414,54783.5,0,1585,750.2,798.5,34991,1060.8,41101,158.7,0,492.4,1395.1,424.6,15926,17867,0,135434,42584,8789,2540.1,28772,583,31043.1,70625.1,79854,13420,44727,19041,0,8699,7311,68.8,16114,25164,8462,6223.6,490,2187.5,196932.2,136169.4,1352.1,62923.1,1810.7,125427,1686.2,25025.9,61064.1,2459.8,28341,105234.7,33919,306158.3,41709,54744,206023,11575,249.4,6378,515.5,5897.5,0.9,128383,1304,24.5,172151,3682,398.6,147097.1,252013,246852,8.7,481.7,78844,1953.5,5151,492,109.8,83355,4040.8,8950.3,8949.9,20755.4,32239,4298.1,43656.8,286768,7694.4,30923.4,598.2,259,513424,4740.9,2103497,25235.5,10863.3,23449.9,6116.1,2873.8,11930.5,56913,28346.2,2390265,186989.9,545663,1901515,215336.1,4299.8,44173.1,142816.8,2447178,22793.8,8989.9,"4,142,776",1.0
Pennsylvania,5892,10065,41680,30913,26814,82195,73500,18534,1118,45810,30521,0,22190,0,22872,6151,39105,35664,26375,3741,3990,26377,71046.3,393153.1,13573,411663.8,87728.3,270.7,9660,48524,17616.4,54128,5243.5,9747.1,86401,38251,99919,11593,356346,3531.7,17204,7256.9,839,10349.3,148989,444583.4,5107,178.1,18320,1382.6,41438,119441,50953,39491,296321.2,183441.6,0,11165.3,763,448443,5103.3,15780,3431.2,31782.2,70935,12377.2,0,10571,88520,1869.1,7828,234489,2870.3,82573,218270.2,21798,9351,2934.9,4084.7,75949,5006.6,148681,3878.8,2339,4770.1,4904.6,2340.5,28883,29317,9255,355326.6,154573,25949,8599.7,90293,1298,143018.3,222205.3,255211,32524,192941,13081,10767,18704,31825,473.6,77928,85456,82182,21057,808,1788.4,515629.8,414210.1,2936.2,176511.9,37719.1,381103,4618.2,40316.6,318461.8,2182.8,96899,451065.2,19671.2,1148460.6,102317,168872,590835,35444,2578.4,48345,1185.3,43784.1,8248.2,422430,3224.8,5004.8,567119.6,5708.2,1194.4,390638.2,773549,641384,1075.4,1731,329794,6616.7,26846,4755.5,92.6,240295,2827,24989.7,29614.5,87117.3,53475,13843.4,138071.5,773727,49230.8,84100.6,2889.8,11902,1457332,15728.2,6742109,93222.8,35780.6,54459.8,25556,12709.7,42624.6,81500,71193.1,7515836,653475.3,1510807,6086529,724668.3,14729,128444.1,525031.1,7597336,78405.2,38265.6,"12,805,537",0.0
Rhode Island,189,414,3109,3363,1179,5187,3710,1460,121,2090,6112,143,787,4488,1389,0,2494,0,1805,0,606,0,5604.6,35483.6,341,33430.7,9059,6.1,760,3812,678.5,4876,506.6,850.4,6900,2871,10632,2646,26880,166.5,1300,345.7,1483,252.8,12552,47661.9,0,877.3,1348,84.3,1945,7792,5339,2184,25770.1,14580.2,0,670.4,63,32494,292.3,334,858.1,1732.4,5237,1449.7,0,928,6266,30.1,0,15995,68.8,4880,19718.7,0,684,667.5,101.3,0,281.9,14736,31.6,0,315.7,165.3,124.6,2219,2178,0,34964.3,10031,1894,558.2,7017,224,14303.2,15913.4,21653,1848,22093,0,1,1282,2552,179.2,6417,3341,1416,2103.2,263,58.6,53266.5,37586.7,157.6,17924.8,696.4,30737,669.8,3243.9,32679.3,44.9,10736,41842.4,69.1,94832.9,9748,16683.5,42875,6770,44.5,0,68.9,1690,0.1,34003,237.9,7.6,44475.2,374.3,6,37479.5,57195,54587,0,142.8,16464,250.8,1716,85.4,28.9,18398,114,2744.4,2154.3,7642.2,1085,1597.9,14121.9,72093,1809.4,4933.9,1020.4,44.7,128978,1219.1,558782,7131.5,3085.9,5028.8,917,859.8,3434.8,1657,7647.1,630875,50212.9,130063,502469,57860,158.7,7246.9,42966,632532,6520.7,1776.8,"1,059,639",0.0
South Carolina,1472,1692,21051,6253,12688,29221,19101,3270,121,22096,8485,28306,7233,13265,12600,457,21014,5695,5954,15040,4238,8898,36588,204398,1225,114883.5,30030.1,118.4,3250,22336,4228.9,22912,1778.2,1807,33380,10354,37895,3798,145410,2677.9,6648,3423.7,1140,2176.3,49008,206287.8,4963,3245.9,7652,443.8,19529,57472,19053,18083,42596.3,48566.8,0,2024.5,232,222065,3160.6,1854,794.2,7573.3,24666,3647.1,12,2722,35726,4591.1,1925,102740,1021.9,19072,42535.4,2820,1182,1626.2,2508.4,22857,537.8,60463,178.9,80,2606.6,1017,376.5,14166,7889,1610,138211.6,53361,10223,2388.3,35431,882,28258.8,42721.7,98630,11892,98993,5748,238,9323,15051,1440.4,10816,30706,21356,13640.4,424,914.2,242875.8,218038.4,265.6,55350,3672.3,150093,854.4,21448.8,47843.8,595.3,33456,121625.6,12309.7,242736.9,33892,23886.5,248150,52059,341.3,4912,135.1,13634.5,1.6,163421,1146.8,21.4,157595.8,1134.7,301.3,151054.9,295966,321058,9.6,160.1,86776,1899.3,13171,1053.5,68.1,79666,1054,10235.8,10390.6,15571.8,21108,4120.7,36338.5,406573,5796.5,35083.4,4032.9,352.4,544720,4998.7,2264629,22130.7,14313.7,25167.6,4916.1,5769.2,12187.7,28378,33321.3,2671202,179139,565828,2133752,212460.2,1406.4,46880.4,132258.6,2699580,26501.4,10685.3,"5,024,369",0.0
South Dakota,118,263,1225,1901,511,4110,9602,2627,0,6884,5380,0,1709,0,712,0,1465,790,1438,0,505,2328,11346.3,18466,376,21205.7,6231.4,0.7,1226,5882,332.6,3305,162.8,244.3,8778,2227,17140,288,29185,61.8,1696,331.8,598,776.7,10109,34519.4,412,1609.4,1685,151.5,7062,10154,2602,4900,26533.3,13395.2,0,236.7,68,47175,694.4,1168,983.5,976.5,6260,6422.2,0,662,8600,228.6,603,15466,294.7,7757,13661.9,1665,100,29.6,63.2,5198,94,9472,7.2,84,116.8,54.6,99.9,2003,1864,682,27306.5,10664,1866,226.4,8181,121,9255.9,12380,21542,3211,18551,4636,117,1171,2909,29.5,1574,8482,1107,1093.7,3,179.8,45865.7,19559.6,77.1,12126.4,934.8,35220,99.6,3173,10728.2,3055.1,11342,47822.7,5818,73780.8,7049,6588.3,44651,7888,121.6,2950,30.9,1426.6,7.6,30320,186.1,21.2,22868.5,157.1,146.2,29466.9,68323,65726,1.5,59.8,15827,596.7,2220,46.2,0,22582,3227.1,1828.1,1924.1,4930,27029,760.7,12568.6,84956,1222.5,4599.6,483.3,130.7,120283,1005.9,481454,2814.4,3393.5,4082.1,1133.3,848.5,3540.3,31651,5326.1,566410,43166.7,147312,450749,48492.9,3357.8,9881.5,33285.2,598061,6933.9,1981.8,"869,666",1.0
Tennessee,4883,6898,26219,5253,20481,37303,35653,10482,630,26709,18401,66351,14174,5963,14562,1178,23325,10695,10875,3593,2711,13599,44198.2,306829.5,2933,196818.7,29482.7,176.4,7405,30549,5573.1,29687,753.6,2495.5,46593,0,58667,6440,229411,3884.9,12048,3870.2,800,8193.4,58628,276706.9,3526,407.8,11319,561.6,23973,74535,28823,20071,124933,74853.8,0,2599.7,469,280128,3271.2,4469,2675.5,12771.4,39770,7170.6,0,12358,52300,10165.8,4408,130527,1624.7,35278,67601.7,4539,1067,552.8,2868.2,52870,4873.8,91116,646.7,390,2545,1549.3,1096.2,19227,12655,0,165595.7,80919,16491,3346.8,50935,845,50480.3,66523.4,144953,16613,93394,6702,601,14178,17178,537.8,23335,74325,35853,10091.7,2475,952.9,320905.1,316921.2,788.9,91634.5,5017,211617,1452.2,29862.4,82718.8,909.8,49731,197068.5,11334,455876.8,57103,55541.7,359938,20952,665,9609,1829.1,21636.7,8,242197,5160.4,229.4,231526.6,2070.8,803.9,185902.5,413523,373522,27.2,493,202754,5239.8,4331,1849,431.4,131375,1215.7,17689.6,12344.4,38738.6,61097,9544.8,55666.9,444205,10369.1,51499.1,1148.2,700.2,846609,8157.3,3432481,36994.5,22665.4,27172.1,14995.7,1936.9,23779.4,70274,37865.2,3876686,296752.9,907706,3039254,334618.1,1916,65759.5,230993.4,3946960,46444.8,16932.6,"6,715,984",0.0
Texas,9102,16579,83945,94069,21166,126323,100008,27000,5451,95182,42279,39157,41493,53435,17372,24369,38971,21000,31891,2099,6995,26631,150267.8,1116372.2,63918,886309.6,130660,443.2,20817,109480,48626.8,139012,30748.4,25429.2,249576,78429,284115,40352,587735,2333.5,48084,11970.2,8802,13894,249501,1159584.3,5171,1573.9,47277,1410.9,89994,301434,97649,170140,359189.4,322675.2,0,17943.2,2662,1303892,14794.6,18126,3325.7,68536.7,139075,35251.5,0,30216,209669,13353.7,11096,336782,5999.1,130004,202272.9,336487,9023,12720.3,2105.2,137564,6232.8,356458,23324.9,18420,5065.4,2873,1864.3,126029,49532,17242,765108.8,261581,81658,22745.3,225730,1636,383418.1,279222.3,701896,63973,366620,47521,136342,89709,100004,506.8,96451,234978,83965,39967.9,5377,2048.4,1309852.1,1156340.1,14203.6,285552.7,35959.7,1121612,11597.7,101577.8,277394.4,7008,198435,1085554.8,63195.4,1726994.3,249944,209730.6,924517,171420,2228.4,490955,2146.6,95830.6,72703.4,969798,10138.3,6904.2,1217010.1,10491.6,3596.6,872174.1,1625152,1670512,17219.8,1477.9,690125,14781.2,59883,5237,1007.1,635694,8709.4,58499.8,85385.5,112838.6,218681,26588.9,249592.9,2040367,60195.6,197408.4,15389.3,92151.7,4007139,32923.9,14364492,184353.8,91650.5,133771.8,57345.8,26500.2,132392.6,269379,175749.9,16404859,1389948.9,4225820,12448418,1565698.8,100861.2,383655,1006293.9,16674238,224043.1,83846.1,"28,304,596",1.0
Utah,1360,978,9929,13120,2130,14745,17084,6242,338,6071,20933,6493,5228,7221,2553,1546,5232,4111,5702,582,1033,3334,23569.8,112822.6,6507,74859.1,21023.8,31.8,2532,13508,1545.4,13742,1999.3,2712.9,25170,7341,41867,6777,89628,286.4,5266,1224.1,878,1765.7,26242,104067.1,255,632.2,6783,582.1,10227,31290,10314,10919,40469.5,30875.9,0,1177.6,353,123396,601.6,5888,2287.3,6375.3,15741,9407.3,0,5858,23031,1099.3,1336,46337,612.4,37762,28104.9,4826,3811,1090.3,453,21884,656.2,37043,845.1,246,498,1183.3,473.8,8864,13922,1461,118455.9,29998,9178,2406.2,24644,0,49950.8,29423,82941,11109,74649,2726,3684,5415,9399,92.8,7707,26503,10732,3355.6,0,131.3,127636.9,116178.1,1710.6,44900,2160.6,119030,2084.7,11097.5,63659.6,693.4,36131,141249.3,3952.9,172856.4,42299,33794.4,135965,16147,1277.3,14398,376.9,5705.8,545.7,100549,941.5,119,152340.8,3298,308.6,130393.1,205015,198045,327.5,168.1,66181,1825,4943,631.2,0.4,56393,787.3,5300.9,9384.6,11692,16192,4662.3,35151.3,250323,7920.2,16803.3,1423.5,2150.4,436615,4308.9,1662206,17290.3,11101,13606,5704.3,2026.3,8162,20811,19691.8,1912529,137782.9,452807,1480533,157474.7,2937.7,29125.7,108657.2,1933340,19263,7730.5,"3,101,833",1.0
Vermont,521,949,1545,4903,1224,2056,6421,1667,0,2971,2215,0,1853,1286,725,74,1219,0,1230,130,0,2156,14022.8,17517.2,137,22725.2,4262.8,24.4,779,3786,137.9,2695,450.2,523,7698,1504,4624,398,21056,120.5,755,155.9,97,564,10479,22831.1,1703,326.9,1095,64.4,4062,3378,2250,2008,15250.2,6073.3,0,296.4,18,29869,316.3,0,154.8,1174,4763,493.2,0,550,5603,46.7,525,13030,140.7,4927,8052,304,541,114,81.6,7141,192.4,6885,14.8,0,111.3,19.5,76.1,3393,2581,156,18588.1,6253,1246,194.9,5884,86,4309.9,15957.7,19462,2497,17086,1806,0,578,1249,14.4,1970,2914,1521,1298.5,0,162.7,36854,18815.7,28.3,12121.2,372.9,29168,170.7,1745.7,20259.5,348.7,6955,15827.3,3675.4,61985,6098,2771.8,34086,4179,240.2,1372,24.1,1024.6,0,22415,117.6,0.3,28896.5,346.4,16.1,20046.9,46290,46955,1.1,66.1,8976,208.6,1597,60.9,13.1,10753,418.1,1908.2,1077.8,4354.6,6931,957.9,6328.3,58089,914.1,2770.3,187,241.3,100264,717.4,366266,3081.9,2329.9,3449.9,511,647.6,1657.2,9685,4594.8,424355,26957.5,107195,326845,31552.2,659.3,4507.4,22450.1,434040,3987.1,1158.6,"623,657",0.0
Virginia,2192,9595,15198,12131,8355,18951,32269,10801,381,15592,10479,0,9594,0,7939,635,16507,4028,11425,3829,3307,15148,55793.8,310333,13755,223607.9,54115.6,88.3,9496,34298,3140,37902,2130.3,24369.9,59883,0,77278,13642,143859,902.6,13446,2267.9,2085,17128.7,82850,324898.4,4401,650.5,14771,858,29530,89981,29477,33973,112665.5,76772.6,0,5016.3,424,375694,1732.4,6001,722.6,34011,41722,13511.7,0,7353,59431,1492.6,5581,103277,1272.6,47043,83092.8,5853,4995,3550.6,1149.5,48993,1803.2,109759,178.7,448,2332.5,535.1,792,34363,18930,0,277072.5,106927,15551,3452.8,57814,616,68785.3,105282.7,187105,21058,165187,7442,1042,19466,28907,493.5,50618,41980,28600,10385.3,1286,1366,380692.2,320718.3,3608,110492.8,8607.7,280961,6201.8,16830.7,111260.7,1021.5,197712,245496.2,14411.9,524648.9,83323,90204.2,247136,138592,955.5,12896,801.1,25303.1,75.2,308863,2532.1,162.6,608840.2,3656,928.6,296500.4,501509,540881,48.3,1101.6,182335,2795.2,12015,1560.2,379.2,122648,1505.4,16213,19510.5,36497.6,39639,30645.3,94948.5,877185,19266.6,42133.7,19081.8,1079,1003891,12353.9,4214876,91932.7,25189.1,42006.9,13067.5,7130.4,21137.4,51606,91734,5092061,401965.5,1043530,4100137,493699.5,2584.4,64228.6,337736.9,5143667,46326.6,20197.9,"8,470,020",0.0
Washington,2855,9670,7768,20950,5568,22035,39445,7839,544,16501,16177,0,10698,0,7796,2958,9010,5107,7498,506,2279,14537,44549.7,207208.1,13923,199746.8,47232.2,100.7,4633,31048,1997.7,26466,3809.8,7993.8,62794,0,45597,10841,221088,578.4,11745,1855.6,6302,4846.5,69255,264904.9,6866,67.8,11072,416.2,14259,75459,21222,22990,94996.9,63873.5,0,5161.1,327,341381,1549,4211,1113.2,18058.3,44381,8045.9,0,8133,46106,632.4,3120,90329,1379.4,73282,70300.8,4697,15451,33448.6,1251,51978,1834.6,76690,2920.4,275,824,821.1,495.9,28784,69364,0,247456.3,72135,13494,4139.8,43849,1256,62017,128992.2,158772,21143,148463,29355,627,22590,24254,177.9,31554,38989,12593,18174.5,3911,1399.4,309454.6,225382.6,4352.8,104164.8,9121.9,244556,10281.2,47003,83039.6,5210.8,74668,186145.2,44696.4,494036.6,132676,54639.4,311417,74938,412,9535,540.4,12614.2,3,221458,3381,79.4,346373.1,38590,935.9,265417.2,445438,489844,19.6,744.4,149208,2836.2,5567,835.7,704.5,144727,7384.1,17824.4,20086.3,34472.2,31607,12071.7,85722.3,639450,58533.5,59617.2,7471.1,434.6,829910,9701.8,3586623,51116.1,37601.6,45996.6,13870,4181.8,26166.1,84100,65539.4,4226073,426712,861517,3448656,492251.4,7818.7,87522.2,339189.8,4310173,63767.7,18051.9,"7,405,743",1.0
West Virginia,190,459,9280,962,0,4727,3520,1558,0,1992,1708,0,2947,2207,559,707,3382,4336,1420,0,126,5634,14299.2,41741.7,161,49807.3,8635,6.9,1514,8377,2859.2,5401,72.4,400.8,11332,3611,9998,1310,29969,45.1,2220,382.5,110,213.1,13485,58702.5,1927,61.2,1904,48.5,10294,21217,7665,7718,41060.4,12646.8,0,1045.5,42,72184,118,13253,178.5,1471.2,8837,921.1,0,751,13501,637.3,297,19785,347.1,7841,19602,14874,124,346.8,46.3,5606,105.3,15181,379.8,1359,305.9,642.1,58.7,3725,3561,2158,29929,16447,3027,684.7,11443,112,4778.7,22090.6,24524,4353,51949,1187,5390,2186,3967,10.2,1332,9636,4166,2887.2,375,381.3,73001.7,44628.9,19.1,14643.4,934.1,43574,253.3,3199.8,13420.6,174.6,23607,28960.8,3345,132560.4,11227,7839.3,49754,8525,3509.2,33517,29.6,3880.2,1940.8,46796,328.3,418.3,41015.5,392.9,442,33682.7,105095,124133,327.1,25.4,25096,653.5,5458,166.5,63.2,23079,295.7,2790,3121.1,7939,18847,3165.1,10078.5,156265,1609.9,7080,373.7,5777.2,147098,1450,710420,5345.7,4992.2,8438.8,2116.2,2223.7,3394.6,20422,11977.6,866685,58213.8,165945,721162,70191.4,6072.9,16274,41939.8,887107,8386.8,4339.9,"1,815,857",0.0
Wisconsin,1438,4537,17946,19062,24123,74771,67344,16739,1504,66980,17124,0,10263,0,30474,503,32498,16226,30916,1293,1862,19778,37452,179818.9,1857,150013.5,37404.8,92.9,4894,27964,4135.9,20236,3004.8,2744.9,41104,12928,51097,8968,292102,3649.7,8882,6525.6,1281,8689.6,58906,226820.8,4976,3438.7,8405,1093.8,27394,64003,20365,16119,118359.5,98955.9,0,2536.8,656,279470,7828.8,4265,1427.5,8265.1,32891,5964.4,11,4155,43244,2302.4,2200,190315,1946,51274,85995.2,0,1039,2165.7,4543.1,34245,1185.8,64519,416.4,0,3173.2,1820.8,2533.7,12193,24578,0,152585.1,71509,9699,2029.3,40917,534,49011.8,98255.8,117431,16467,114523,10753,0,6802,13327,227.1,24276,55985,20519,7452,185,1451.3,264272.9,187270.9,478,75035.7,3884.5,174654,2202,33216.5,73421.1,3983.5,29105,208478.8,17556.4,452624,56961,81549.1,482417,15818,1088.9,7073,254.8,23811.8,1.7,189138,1103,138.7,183095.7,5289.9,769.1,164969.5,380031,393993,3.7,1156.3,126599,4269.1,10352,1122,14.1,133930,4529.9,9561.5,12337.6,30362.1,63234,3821.3,63526.3,438916,11631.2,57028.2,727.4,1094.3,616958,6645,3135395,30037.7,17436.1,29817.5,9050.3,5558.4,19038.8,85965,34366.2,3574311,277837.5,680192,2980084,312203.7,5624.2,74990,202847.4,3660276,36474.9,14608.8,"5,795,483",0.0
Wyoming,0,465,1922,185,222,1579,928,386,160,681,652,150,932,128,0,1433,270,110,373,0,0,681,13674.7,12251.3,692,13562.9,3818.7,0.4,545,3418,617.2,1725,22,97,5837,0,0,332,5706,18.9,891,123.5,0,90.7,5184,22834.6,0,84.4,847,7.5,3924,6645,1433,6009,3254.9,3952.2,0,181.9,64,47020,47.2,9184,8.8,786.7,4184,472.6,0,606,4840,8.9,0,5834,134.8,4338,4938.9,9548,97,8,0,0,82.4,6315,577.6,818,41.6,8.5,16,1336,1255,2100,23227.6,4510,2681,677.2,5656,80,7876.5,9742.1,17434,2048,15672,2341,7930,1343,1922,9.6,820,5022,1799,974.7,0,33.6,36509.3,13226,66.2,7800,418.8,29280,90.8,421.7,4198,551.2,7529,18488.6,3184.2,31498.8,4757,2060,11540,6004,3630.7,26662,40.9,1353.1,1891.9,17817,168.1,1127.8,18171.5,93.7,1190.8,26649.8,39477,62692,593.9,32.8,14109,377.3,2763,86.3,3.9,9556,623.3,1563.3,1999.4,1753.8,10380,858.4,5210.4,76225,644.2,1774.8,387.6,6116.5,96071,587.4,307438,1709.4,2109.4,4952.7,3053.3,1064.8,1575.6,14251,6198.7,383663,29785.5,106451,291463,35984.2,6739.8,10514,19271.6,397914,3684.9,4118.1,"579,315",0.0